
INSERT INTO TELESCOPE (ID,TITLE,NAME,WEB,SITEID,APERTURE,PRODUCTID)
            VALUES (1,'GTC','Gran Telescopio Canarias','www.gtc.iac.es',1,10389,1);
INSERT INTO PRODUCT (ID,BRANDID,TIMAGE,NAME) VALUES (1,1,'gtc.jpg','');
UPDATE PRODUCT SET DESCRIPTION = '' WHERE ID=1;
UPDATE PRODUCT SET DESCRIPTION = '10.4-m monolithic mirror telescope. Image credit: Observatorio del Roque de los Muchachos
La Palma.' WHERE ID=1;

INSERT INTO TELESCOPE (ID,TITLE,NAME,WEB,SITEID,APERTURE,PRODUCTID)
            VALUES (2,'HET','Hobby-Eberly Telescope','mcdonaldobservatory.org/research/telescopes/HET',2,10007,2);
INSERT INTO PRODUCT (ID,BRANDID,TIMAGE,NAME) VALUES (2,1,'het.jpg','');
UPDATE PRODUCT SET DESCRIPTION = '10-m segmented mirror telescope. Image credit: McDonald Observatory.' WHERE ID=2;

INSERT INTO TELESCOPE (ID,TITLE,NAME,WEB,SITEID,APERTURE,PRODUCTID)
            VALUES (3,'Keck','Keck telescope','www.keckobservatory.org',3,10007,3);
INSERT INTO PRODUCT (ID,BRANDID,TIMAGE,NAME) VALUES (3,1,'keck.jpg','');
UPDATE PRODUCT SET DESCRIPTION = 'Two 10-m segmented mirror telescopes. Image credit: W. M. KECK OBSERVATORY.' WHERE ID=3;

INSERT INTO TELESCOPE (ID,TITLE,NAME,WEB,SITEID,APERTURE,PRODUCTID)
            VALUES (4,'SALT','Southern African Large Telescope','www.salt.ac.za',4,9195,4);
INSERT INTO PRODUCT (ID,BRANDID,TIMAGE,NAME) VALUES (4,1,'salt.jpg','');
UPDATE PRODUCT SET DESCRIPTION = '9.2-m (11.1mx9.8m) segmented mirror telescope. Image credit: SAAO.' WHERE ID=4;

INSERT INTO TELESCOPE (ID,TITLE,NAME,WEB,SITEID,APERTURE,PRODUCTID)
            VALUES (5,'LBT','Large Binocular Telescope','www.lbto.org',5,8382,5);
INSERT INTO PRODUCT (ID,BRANDID,TIMAGE,NAME) VALUES (5,1,'lbt.jpg','');
UPDATE PRODUCT SET DESCRIPTION = 'Two 8.4-m monolithic mirrors telescope. Image credit: LBTO.' WHERE ID=5;

INSERT INTO TELESCOPE (ID,TITLE,NAME,WEB,SITEID,APERTURE,PRODUCTID)
            VALUES (6,'JNLT','Subaru Telescope','www.naoj.org',3,8204,6);
INSERT INTO PRODUCT (ID,BRANDID,TIMAGE,NAME) VALUES (6,1,'subaru.jpg','');
UPDATE PRODUCT SET DESCRIPTION = 'Japan 8.2-m monolithic mirror telescope. Image credit: NAOJ.' WHERE ID=6;

INSERT INTO TELESCOPE (ID,TITLE,NAME,WEB,SITEID,APERTURE,PRODUCTID)
            VALUES (7,'VLT','Very Large Telescope','www.eso.org/public/ireland/teles-instr/paranal-observatory/vlt',6,8204,7);
INSERT INTO PRODUCT (ID,BRANDID,TIMAGE,NAME) VALUES (7,1,'vlt.jpg','');
UPDATE PRODUCT SET DESCRIPTION = 'Four 8.2-m telescopes (interferometer) with monolithic mirrors. Image credit: ESO/H.H.Heyer.' WHERE ID=7;

INSERT INTO TELESCOPE (ID,TITLE,NAME,WEB,SITEID,APERTURE,PRODUCTID)
            VALUES (8,'Gemini N','Gemini Nord','www.gemini.edu',3,8077,8);
INSERT INTO PRODUCT (ID,BRANDID,TIMAGE,NAME) VALUES (8,1,'gemini-n.jpg','');
UPDATE PRODUCT SET DESCRIPTION = '8.1-m telescope with monolithic mirror. Image credit: Gemini Consortium.' WHERE ID=8;

INSERT INTO TELESCOPE (ID,TITLE,NAME,WEB,SITEID,APERTURE,PRODUCTID)
            VALUES (9,'Gemini S','Gemini South','www.gemini.edu',7,8077,9);
INSERT INTO PRODUCT (ID,BRANDID,TIMAGE,NAME) VALUES (9,1,'gemini-s.jpg','');
UPDATE PRODUCT SET DESCRIPTION = '8.1-m telescope with monolithic mirror. Image credit: Gemini Consortium.' WHERE ID=9;


--UPDATE IMAGE SET DESCRIPTION = 'The best product ever' WHERE ID=1;


-- Celestron telescopes
INSERT INTO TELESCOPE (ID,TITLE,NAME,WEB,APERTURE,FOCUS,BARREL_ID,PRODUCTID,OPTICALSYSTEMID,MOUNTID)
            VALUES (10,'117LCM','114LCM Computerized Telescope','',114,1000,2,10,3,1);
INSERT INTO PRODUCT (ID,BRANDID,TIMAGE,NAME, FOLDER)
            VALUES (10,2,'31150_114LCM-Computerized_Telescope_1_181x216.jpg',
                         '114LCM Computerized Telescope',
                         '114lcm-computerized-telescope');
INSERT INTO IMAGE (ID,PRODUCTID,SCOPE,NAME) VALUES (1,10,'TRUE','31150_114LCM-Computerized_Telescope_1_570x380@2x.jpg');
INSERT INTO IMAGE (ID,PRODUCTID,SCOPE,NAME) VALUES (2,10,'TRUE','31150_114LCM-Computerized_Telescope_2_570x380@2x.jpg');
INSERT INTO IMAGE (ID,PRODUCTID,SCOPE,NAME) VALUES (3,10,'TRUE','31150_114LCM-Computerized_Telescope_3_570x380@2x.jpg');
INSERT INTO IMAGE (ID,PRODUCTID,SCOPE,NAME) VALUES (4,10,'TRUE','31150_114LCM-Computerized_Telescope_4_570x380@2x.jpg');
INSERT INTO IMAGE (ID,PRODUCTID,SCOPE,NAME) VALUES (5,10,'TRUE','31150_114LCM-Computerized_Telescope_5_570x380@2x.jpg');
INSERT INTO IMAGE (ID,PRODUCTID,SCOPE,NAME) VALUES (6,10,'TRUE','31150_114LCM-Computerized_Telescope_6_570x380@2x.jpg');
INSERT INTO IMAGE (ID,PRODUCTID,SCOPE,NAME) VALUES (7,10,'TRUE','31150_114LCM-Computerized_Telescope_7_570x380@2x.jpg');
INSERT INTO IMAGE (ID,PRODUCTID,SCOPE,NAME) VALUES (8,10,'TRUE','31150_114LCM-Computerized_Telescope_8_570x380@2x.jpg');

INSERT INTO EYEPIECE_TELESCOPE (ID_EYEPIECE,ID_TELESCOPE) VALUES (34,10);
INSERT INTO EYEPIECE_TELESCOPE (ID_EYEPIECE,ID_TELESCOPE) VALUES (44,10);

INSERT INTO IMAGE (ID,PRODUCTID,SCOPE,NAME) VALUES (40,10,'FALSE','31150_114LCM-Computerized_Telescope_8_570x380@2x.jpg');

INSERT INTO TELESCOPE (ID,TITLE,NAME,WEB,APERTURE,FOCUS,PRODUCTID,OPTICALSYSTEMID,MOUNTID)
            VALUES (11,'60LCM','60LCM Computerized Telescope','',60,700,11,1,1);
INSERT INTO PRODUCT (ID,BRANDID,TIMAGE,NAME) VALUES (11,2,'22050_60LCM_Computerized_Telescope_1_181x216.jpg','60LCM Computerized Telescope');
INSERT INTO IMAGE (ID,PRODUCTID,SCOPE,NAME) VALUES (10,11,'TRUE','22050_60LCM_Computerized_Telescope_1_570x380@2x.jpg');
INSERT INTO IMAGE (ID,PRODUCTID,SCOPE,NAME) VALUES (11,11,'TRUE','22050_60LCM_Computerized_Telescope_2_570x380@2x.jpg');
INSERT INTO IMAGE (ID,PRODUCTID,SCOPE,NAME) VALUES (12,11,'TRUE','22050_60LCM_Computerized_Telescope_3_570x380@2x.jpg');
INSERT INTO IMAGE (ID,PRODUCTID,SCOPE,NAME) VALUES (13,11,'TRUE','22050_60LCM_Computerized_Telescope_4_570x380@2x.jpg');
INSERT INTO IMAGE (ID,PRODUCTID,SCOPE,NAME) VALUES (14,11,'TRUE','22050_60LCM_Computerized_Telescope_5_570x380@2x.jpg');
INSERT INTO IMAGE (ID,PRODUCTID,SCOPE,NAME) VALUES (15,11,'TRUE','22050_60LCM_Computerized_Telescope_6_570x380@2x.jpg');
INSERT INTO IMAGE (ID,PRODUCTID,SCOPE,NAME) VALUES (16,11,'TRUE','22050_60LCM_Computerized_Telescope_7_570x380@2x.jpg');
INSERT INTO IMAGE (ID,PRODUCTID,SCOPE,NAME) VALUES (17,11,'TRUE','22050_60LCM_Computerized_Telescope_8_570x380@2x.jpg');
INSERT INTO IMAGE (ID,PRODUCTID,SCOPE,NAME) VALUES (18,11,'TRUE','22050_60LCM_Computerized_Telescope_8_570x380@2x.jpg');
INSERT INTO IMAGE (ID,PRODUCTID,SCOPE,NAME) VALUES (19,11,'TRUE','22050_60LCM_Computerized_Telescope_9_570x380@2x.jpg');

INSERT INTO TELESCOPE (ID,TITLE,NAME,WEB,APERTURE,FOCUS,PRODUCTID,OPTICALSYSTEMID,MOUNTID)
            VALUES (12,'80LCM','80LCM Computerized Telescope','',80,900,12,1,1);
INSERT INTO PRODUCT (ID,BRANDID,TIMAGE,NAME) VALUES (12,2,'22051_80LCM_Computerized_Telescope_1_181x216.jpg','80LCM Computerized Telescope');
INSERT INTO IMAGE (ID,PRODUCTID,NAME) VALUES (20,12,'22051_80LCM_Computerized_Telescope_1_570x380@2x.jpg');
INSERT INTO IMAGE (ID,PRODUCTID,NAME) VALUES (21,12,'22051_80LCM_Computerized_Telescope_2_570x380@2x.jpg');
INSERT INTO IMAGE (ID,PRODUCTID,NAME) VALUES (22,12,'22051_80LCM_Computerized_Telescope_3_570x380@2x.jpg');
INSERT INTO IMAGE (ID,PRODUCTID,NAME) VALUES (23,12,'22051_80LCM_Computerized_Telescope_4_570x380@2x.jpg');
INSERT INTO IMAGE (ID,PRODUCTID,NAME) VALUES (24,12,'22051_80LCM_Computerized_Telescope_5_570x380@2x.jpg');
INSERT INTO IMAGE (ID,PRODUCTID,NAME) VALUES (25,12,'22051_80LCM_Computerized_Telescope_6_570x380@2x.jpg');
INSERT INTO IMAGE (ID,PRODUCTID,NAME) VALUES (26,12,'22051_80LCM_Computerized_Telescope_7_570x380@2x.jpg');
INSERT INTO IMAGE (ID,PRODUCTID,NAME) VALUES (27,12,'22051_80LCM_Computerized_Telescope_8_570x380@2x.jpg');
INSERT INTO IMAGE (ID,PRODUCTID,NAME) VALUES (28,12,'22051_80LCM_Computerized_Telescope_9_570x380@2x.jpg');

INSERT INTO TELESCOPE (ID,TITLE,NAME,WEB,APERTURE,FOCUS,PRODUCTID,OPTICALSYSTEMID,MOUNTID)
            VALUES (13,'VX 11"','Advanced VX 11" Schmidt-Cassegrain Telescope','',279,2800,13,6,4);
INSERT INTO PRODUCT (ID,BRANDID,TIMAGE,NAME) VALUES (13,2,'12067_Advanced_VX_11_SCT_1_181x216.jpg','Advanced VX 11" Schmidt-Cassegrain Telescope');
INSERT INTO IMAGE (ID,PRODUCTID,NAME) VALUES (29,13,'12067_Advanced_VX_11_SCT_1_570x380@2x.jpg');
INSERT INTO IMAGE (ID,PRODUCTID,NAME) VALUES (30,13,'12067_Advanced_VX_11_SCT_2_570x380@2x.jpg');
INSERT INTO IMAGE (ID,PRODUCTID,NAME) VALUES (31,13,'12067_Advanced_VX_11_SCT_3_570x380@2x.jpg');
INSERT INTO IMAGE (ID,PRODUCTID,NAME) VALUES (32,13,'12067_Advanced_VX_11_SCT_4_570x380@2x.jpg');
INSERT INTO IMAGE (ID,PRODUCTID,NAME) VALUES (33,13,'12067_Advanced_VX_11_SCT_5_570x380@2x.jpg');
INSERT INTO IMAGE (ID,PRODUCTID,NAME) VALUES (34,13,'12067_Advanced_VX_11_SCT_6_570x380@2x.jpg');
INSERT INTO IMAGE (ID,PRODUCTID,NAME) VALUES (35,13,'12067_Advanced_VX_11_SCT_7_570x380@2x.jpg');
INSERT INTO IMAGE (ID,PRODUCTID,NAME) VALUES (36,13,'12067_Advanced_VX_11_SCT_8_570x380@2x.jpg');
INSERT INTO IMAGE (ID,PRODUCTID,NAME) VALUES (37,13,'12067_Advanced_VX_11_SCT_9_570x380@2x.jpg');
INSERT INTO IMAGE (ID,PRODUCTID,NAME) VALUES (38,13,'12067_Advanced_VX_11_SCT_10_570x380@2x.jpg');
INSERT INTO IMAGE (ID,PRODUCTID,NAME) VALUES (39,13,'12067_Advanced_VX_11_SCT_11_570x380@2x.jpg');

INSERT INTO TELESCOPE (ID,TITLE,NAME,WEB,APERTURE,FOCUS,PRODUCTID,OPTICALSYSTEMID,MOUNTID)
            VALUES (14,'VX 6"','Advanced VX 6" Newtonian Telescope','',152,750,14,3,4);
INSERT INTO PRODUCT (ID,BRANDID,TIMAGE,NAME) VALUES (14,2,'32054_Advanced_VX_6_Newtonian_1_181x216.jpg','Advanced VX 6" Newtonian Telescope');

INSERT INTO TELESCOPE (ID,TITLE,NAME,WEB,APERTURE,FOCUS,PRODUCTID,OPTICALSYSTEMID,MOUNTID)
            VALUES (15,'VX 6"','Advanced VX 6" Refractor Telescope','',152,1200,15,1,4);
INSERT INTO PRODUCT (ID,BRANDID,TIMAGE,NAME) VALUES (15,2,'22020_Advanced_VX_6_Refractor_1_181x216.jpg','Advanced VX 6" Refractor Telescope');

INSERT INTO TELESCOPE (ID,TITLE,NAME,WEB,APERTURE,PRODUCTID,OPTICALSYSTEMID,MOUNTID)
            VALUES (16,'VX 6"','Advanced VX 6" Schmidt-Cassegrain Telescope','',152,16,6,4);
INSERT INTO PRODUCT (ID,BRANDID,TIMAGE,NAME) VALUES (16,2,'12079_Advanced_VX_6_SCT_1_181x216.jpg','Advanced VX 6" Schmidt-Cassegrain Telescope');

INSERT INTO TELESCOPE (ID,TITLE,NAME,WEB,APERTURE,PRODUCTID,OPTICALSYSTEMID,MOUNTID)
            VALUES (17,'VX 8"','Advanced VX 8" EdgeHD Telescope','',203,17,11,4);
INSERT INTO PRODUCT (ID,BRANDID,TIMAGE,NAME) VALUES (17,2,'12031_Advanced_VX_8_EdgeHD_1_181x216.jpg','Advanced VX 8" EdgeHD Telescope');

INSERT INTO TELESCOPE (ID,TITLE,NAME,WEB,APERTURE,PRODUCTID,OPTICALSYSTEMID,MOUNTID)
            VALUES (18,'VX 8"','Advanced VX 8" Newtonian Telescope','',203,18,3,4);
INSERT INTO PRODUCT (ID,BRANDID,TIMAGE,NAME) VALUES (18,2,'32062_Advanced_VX_8_Newtonian_1_181x216.jpg','Advanced VX 8" Newtonian Telescope');

INSERT INTO TELESCOPE (ID,TITLE,NAME,WEB,APERTURE,PRODUCTID,OPTICALSYSTEMID,MOUNTID)
            VALUES (19,'VX 8"','Advanced VX 8" Schmidt-Cassegrain Telescope','',203,19,6,4);
INSERT INTO PRODUCT (ID,BRANDID,TIMAGE,NAME) VALUES (19,2,'12026_Advanced_VX_8_SCT_1_181x216.jpg','Advanced VX 8" Schmidt-Cassegrain Telescope');

INSERT INTO TELESCOPE (ID,TITLE,NAME,WEB,APERTURE,PRODUCTID,OPTICALSYSTEMID,MOUNTID)
            VALUES (20,'VX 9.25"','Advanced VX 9.25" Schmidt-Cassegrain Telescope','',235,20,6,4);
INSERT INTO PRODUCT (ID,BRANDID,TIMAGE,NAME) VALUES (20,2,'12046_Advanced_VX_9_25_SCT_1_181x216.jpg','Advanced VX 9.25" Schmidt-Cassegrain Telescope');

INSERT INTO TELESCOPE (ID,TITLE,NAME,WEB,APERTURE,PRODUCTID,OPTICALSYSTEMID,MOUNTID)
            VALUES (21,'Ambassador 80 AZ','Ambassador 80 AZ Brass Telescope','',80,21,1,1);
INSERT INTO PRODUCT (ID,BRANDID,TIMAGE,NAME) VALUES (21,2,'21034_Ambassador_80AZ_1_181x216.jpg','Ambassador 80 AZ Brass Telescope');

INSERT INTO TELESCOPE (ID,TITLE,NAME,WEB,APERTURE,PRODUCTID,OPTICALSYSTEMID,MOUNTID)
            VALUES (22,'Ambassador 50 Tabletop','Ambassador Executive 50 Tabletop Telescope','',50,22,1,1);
INSERT INTO PRODUCT (ID,BRANDID,TIMAGE,NAME) VALUES (22,2,'22302_Ambassador_50TT_1_181x216.jpg','Ambassador Executive 50 Tabletop Telescope');

INSERT INTO TELESCOPE (ID,TITLE,NAME,WEB,APERTURE,PRODUCTID,OPTICALSYSTEMID,MOUNTID)
            VALUES (23,'Ambassador 50','Ambassador Executive 50 Telescope','',50,23,1,1);
INSERT INTO PRODUCT (ID,BRANDID,TIMAGE,NAME) VALUES (23,2,'22303_Ambassador_50mm_1_181x216.jpg','Ambassador Executive 50 Telescope');

INSERT INTO TELESCOPE (ID,TITLE,NAME,WEB,APERTURE,PRODUCTID,OPTICALSYSTEMID,MOUNTID)
            VALUES (24,'Astro Fi 102 mm','Astro Fi 102 mm Maksutov-Cassegrain Telescope','',102,24,7,1);
INSERT INTO PRODUCT (ID,BRANDID,TIMAGE,NAME) VALUES (24,2,'22202_AstroFi_102_1_181x216.jpg','Astro Fi 102 mm Maksutov-Cassegrain Telescope');

INSERT INTO TELESCOPE (ID,TITLE,NAME,WEB,APERTURE,PRODUCTID,OPTICALSYSTEMID,MOUNTID)
            VALUES (25,'Astro Fi 130 mm','Astro Fi 130 mm Newtonian Telescope','',130,25,3,1);
INSERT INTO PRODUCT (ID,BRANDID,TIMAGE,NAME) VALUES (25,2,'22203_AstroFi_130_1_181x216.jpg','Astro Fi 130 mm Newtonian Telescope');

INSERT INTO TELESCOPE (ID,TITLE,NAME,WEB,APERTURE,PRODUCTID,OPTICALSYSTEMID,MOUNTID)
            VALUES (26,'Astro Fi 90 mm','Astro Fi 90 mm Refractor Telescope','',90,26,1,1);
INSERT INTO PRODUCT (ID,BRANDID,TIMAGE,NAME) VALUES (26,2,'22201_AstroFi_90_1_181x216.jpg','Astro Fi 90 mm Refractor Telescope');

INSERT INTO TELESCOPE (ID,TITLE,NAME,WEB,APERTURE,PRODUCTID,OPTICALSYSTEMID,MOUNTID)
            VALUES (27,'AstroMaster 114EQ','AstroMaster 114EQ Telescope','',114,27,3,4);
INSERT INTO PRODUCT (ID,BRANDID,TIMAGE,NAME) VALUES (27,2,'31042_AstroMaster_114EQ_1_181x216.jpg','AstroMaster 114EQ Telescope');

INSERT INTO TELESCOPE (ID,TITLE,NAME,WEB,APERTURE,PRODUCTID,OPTICALSYSTEMID,MOUNTID)
            VALUES (28,'AstroMaster 130EQ','AstroMaster 130EQ Telescope','',130,28,3,4);
INSERT INTO PRODUCT (ID,BRANDID,TIMAGE,NAME) VALUES (28,2,'31045_AstroMaster_130EQ_1_181x216.jpg','AstroMaster 130EQ Telescope');

INSERT INTO TELESCOPE (ID,TITLE,NAME,WEB,APERTURE,PRODUCTID,OPTICALSYSTEMID,MOUNTID)
            VALUES (29,'AstroMaster 130EQ-MD','AstroMaster 130EQ-MD (Motor Drive) Telescope','',130,29,3,4);
INSERT INTO PRODUCT (ID,BRANDID,TIMAGE,NAME) VALUES (29,2,'31051_AstroMaster_130EQ_MD_1_181x216.jpg','AstroMaster 130EQ-MD (Motor Drive) Telescope');

INSERT INTO TELESCOPE (ID,TITLE,NAME,WEB,APERTURE,PRODUCTID,OPTICALSYSTEMID,MOUNTID)
            VALUES (30,'AstroMaster 70AZ','AstroMaster 70AZ Telescope','',70,30,1,1);
INSERT INTO PRODUCT (ID,BRANDID,TIMAGE,NAME) VALUES (30,2,'21061_AstroMaster_70AZ_1_181x216.jpg','AstroMaster 70AZ Telescope');

INSERT INTO TELESCOPE (ID,TITLE,NAME,WEB,APERTURE,PRODUCTID,OPTICALSYSTEMID,MOUNTID)
            VALUES (31,'AstroMaster 70EQ','AstroMaster 70EQ Telescope','',70,31,1,4);
INSERT INTO PRODUCT (ID,BRANDID,TIMAGE,NAME) VALUES (31,2,'21062_AstroMaster_70EQ_1_181x216.jpg','AstroMaster 70EQ Telescope');

INSERT INTO TELESCOPE (ID,TITLE,NAME,WEB,APERTURE,PRODUCTID,OPTICALSYSTEMID,MOUNTID)
            VALUES (32,'AstroMaster 76EQ','AstroMaster 76EQ Telescope','',76,32,3,4);
INSERT INTO PRODUCT (ID,BRANDID,TIMAGE,NAME) VALUES (32,2,'31035_AstroMaster_76EQ_1_181x216.jpg','AstroMaster 76EQ Telescope');

INSERT INTO TELESCOPE (ID,TITLE,NAME,WEB,APERTURE,PRODUCTID,OPTICALSYSTEMID,MOUNTID)
            VALUES (33,'AstroMaster 90AZ','AstroMaster 90AZ Telescope','',90,33,1,1);
INSERT INTO PRODUCT (ID,BRANDID,TIMAGE,NAME) VALUES (33,2,'21063_AstroMaster_90AZ_1_181x216.jpg','AstroMaster 90AZ Telescope');

INSERT INTO TELESCOPE (ID,TITLE,NAME,WEB,APERTURE,PRODUCTID,OPTICALSYSTEMID,MOUNTID)
            VALUES (34,'AstroMaster 90EQ','AstroMaster 90EQ Telescope','',90,34,1,4);
INSERT INTO PRODUCT (ID,BRANDID,TIMAGE,NAME) VALUES (34,2,'21064_AstroMaster_90EQ_1_181x216.jpg','AstroMaster 90EQ Telescope');

INSERT INTO TELESCOPE (ID,TITLE,NAME,WEB,APERTURE,PRODUCTID,OPTICALSYSTEMID,MOUNTID)
            VALUES (35,'AstroMaster LT 60AZ','AstroMaster LT 60AZ Telescope','',60,35,1,1);
INSERT INTO PRODUCT (ID,BRANDID,TIMAGE,NAME) VALUES (35,2,'21073_AstroMaster_LT_60AZ_1_181x216.jpg','AstroMaster LT 60AZ Telescope');

INSERT INTO TELESCOPE (ID,TITLE,NAME,WEB,APERTURE,PRODUCTID,OPTICALSYSTEMID,MOUNTID)
            VALUES (36,'AstroMaster LT 70AZ','AstroMaster LT 70AZ Telescope','',70,36,1,1);
INSERT INTO PRODUCT (ID,BRANDID,TIMAGE,NAME) VALUES (36,2,'21074_AstroMaster_LT_70AZ_1_181x216.jpg','AstroMaster LT 70AZ Telescope');

INSERT INTO TELESCOPE (ID,TITLE,NAME,WEB,APERTURE,PRODUCTID,OPTICALSYSTEMID,MOUNTID)
            VALUES (37,'AstroMaster LT 76AZ','AstroMaster LT 76AZ Telescope','',76,37,3,1);
INSERT INTO PRODUCT (ID,BRANDID,TIMAGE,NAME) VALUES (37,2,'31036_AstroMaster_LT_76AZ_1_181x216.jpg','AstroMaster LT 76AZ Telescope');

INSERT INTO TELESCOPE (ID,TITLE,NAME,WEB,APERTURE,PRODUCTID,OPTICALSYSTEMID,MOUNTID)
            VALUES (38,'C11-A XLT (CG-5)','C11-A XLT (CG-5) Optical Tube Assembly','',279,38,6,0);
INSERT INTO PRODUCT (ID,BRANDID,TIMAGE,NAME) VALUES (38,2,'91067-XLT_XLT_11_SCT_1_181x216.jpg','C11-A XLT (CG-5) Optical Tube Assembly');

INSERT INTO TELESCOPE (ID,TITLE,NAME,WEB,APERTURE,PRODUCTID,OPTICALSYSTEMID,MOUNTID)
            VALUES (39,'C11-A XLT (CGE)','C11-A XLT (CGE) Optical Tube Assembly','',279,39,6,0);
INSERT INTO PRODUCT (ID,BRANDID,TIMAGE,NAME) VALUES (39,2,'91036-XLT_CGE_Pro_1100_1_181x216.jpg','C11-A XLT (CGE) Optical Tube Assembly');

INSERT INTO TELESCOPE (ID,TITLE,NAME,WEB,APERTURE,PRODUCTID,OPTICALSYSTEMID,MOUNTID)
            VALUES (40,'C14-AF XLT (CGE)','C14-AF XLT (CGE) Optical Tube Assembly','',356,40,6,0);
INSERT INTO PRODUCT (ID,BRANDID,TIMAGE,NAME) VALUES (40,2,'91038-XLT_CGE_Pro_1400_Fastar_1_181x216.jpg','C14-AF XLT (CGE) Optical Tube Assembly');

INSERT INTO TELESCOPE (ID,TITLE,NAME,WEB,APERTURE,PRODUCTID,OPTICALSYSTEMID,MOUNTID)
            VALUES (41,'C6-A-XLT (CG-5)','C6-A-XLT (CG-5) Optical Tube Assembly','',152,41,6,0);
INSERT INTO PRODUCT (ID,BRANDID,TIMAGE,NAME) VALUES (41,2,'91010-XLT_XLT_6_SCT_1_181x216.jpg','C6-A-XLT (CG-5) Optical Tube Assembly');

INSERT INTO TELESCOPE (ID,TITLE,NAME,WEB,APERTURE,PRODUCTID,OPTICALSYSTEMID,MOUNTID)
            VALUES (42,'C8-A XLT (CG-5)','C8-A XLT (CG-5) Optical Tube Assembly','',203,42,6,0);
INSERT INTO PRODUCT (ID,BRANDID,TIMAGE,NAME) VALUES (42,2,'91020-XLT_XLT_8_SCT_1_181x216.jpg','C8-A XLT (CG-5) Optical Tube Assembly');

INSERT INTO TELESCOPE (ID,TITLE,NAME,WEB,APERTURE,PRODUCTID,OPTICALSYSTEMID,MOUNTID)
            VALUES (43,'C8-A XLT (CGE)','C8-A XLT (CGE) Optical Tube Assembly','',203,43,6,0);
INSERT INTO PRODUCT (ID,BRANDID,TIMAGE,NAME) VALUES (43,2,'91024-xlt_c8acgexlt_large_1_181x216.jpg','C8-A XLT (CG-5) Optical Tube Assembly');

INSERT INTO TELESCOPE (ID,TITLE,NAME,WEB,APERTURE,PRODUCTID,OPTICALSYSTEMID,MOUNTID)
            VALUES (44,'C9 1/4-A XLT (CG-5)','C9 1/4-A XLT (CG-5) Optical Tube Assembly','',235,44,6,0);
INSERT INTO PRODUCT (ID,BRANDID,TIMAGE,NAME) VALUES (44,2,'91025-XLT_XLT_9_25_SCT_1_181x216.jpg','C9 1/4-A XLT (CG-5) Optical Tube Assembly');

INSERT INTO TELESCOPE (ID,TITLE,NAME,WEB,APERTURE,PRODUCTID,OPTICALSYSTEMID,MOUNTID)
            VALUES (45,'C9 1/4-A XLT (CGE)','C9 1/4-A XLT (CGE) Optical Tube Assembly','',235,45,6,0);
INSERT INTO PRODUCT (ID,BRANDID,TIMAGE,NAME) VALUES (45,2,'91027-XLT_CGE_PRO_925_1_181x216.jpg','C9 1/4-A XLT (CGE) Optical Tube Assembly');

INSERT INTO TELESCOPE (ID,TITLE,NAME,WEB,APERTURE,PRODUCTID,OPTICALSYSTEMID,MOUNTID)
            VALUES (46,'Celestron Kids 50mm','Celestron Kids 50mm Refractor with Case','',50,46,1,1);
INSERT INTO PRODUCT (ID,BRANDID,TIMAGE,NAME) VALUES (46,2,'22015_celestron_kids_50mm_refractor_1_181x216.jpg','Celestron Kids 50mm Refractor with Case');

INSERT INTO TELESCOPE (ID,TITLE,NAME,WEB,APERTURE,PRODUCTID,OPTICALSYSTEMID,MOUNTID)
            VALUES (47,'CGEM - 1100','CGEM - 1100 Computerized Telescope','',279,47,6,4);
INSERT INTO PRODUCT (ID,BRANDID,TIMAGE,NAME) VALUES (47,2,'11099_cgem1100_large_1_181x216.jpg','CGEM - 1100 Computerized Telescope');

INSERT INTO TELESCOPE (ID,TITLE,NAME,WEB,APERTURE,PRODUCTID,OPTICALSYSTEMID,MOUNTID)
            VALUES (48,'CGEM - 800','CGEM - 800 Computerized Telescope','',203,48,0,4);
INSERT INTO PRODUCT (ID,BRANDID,TIMAGE,NAME) VALUES (48,2,'11097_cgem800_large_1_181x216.jpg','CGEM - 800 Computerized Telescope');

INSERT INTO TELESCOPE (ID,TITLE,NAME,WEB,APERTURE,PRODUCTID,OPTICALSYSTEMID,MOUNTID)
            VALUES (49,'CGEM - 925','CGEM - 925 Computerized Telescope','',235,49,6,4);
INSERT INTO PRODUCT (ID,BRANDID,TIMAGE,NAME) VALUES (49,2,'11098_cgem925_large_2_181x216.jpg','CGEM - 925 Computerized Telescope');

INSERT INTO TELESCOPE (ID,TITLE,NAME,WEB,APERTURE,PRODUCTID,OPTICALSYSTEMID,MOUNTID)
            VALUES (50,'CGEM 1100 HD','CGEM 1100 HD Computerized Telescope','',279,50,11,4);
INSERT INTO PRODUCT (ID,BRANDID,TIMAGE,NAME) VALUES (50,2,'11082_cgem_1100hd_1_181x216.jpg','CGEM 1100 HD Computerized Telescope');

INSERT INTO TELESCOPE (ID,TITLE,NAME,WEB,APERTURE,PRODUCTID,OPTICALSYSTEMID,MOUNTID)
            VALUES (51,'CGEM 800 HD','CGEM 800 HD Computerized Telescope','',203,51,11,4);
INSERT INTO PRODUCT (ID,BRANDID,TIMAGE,NAME) VALUES (51,2,'11080_cgem800hd_large_1_181x216.jpg','CGEM 800 HD Computerized Telescope');

INSERT INTO TELESCOPE (ID,TITLE,NAME,WEB,APERTURE,PRODUCTID,OPTICALSYSTEMID,MOUNTID)
            VALUES (52,'CGEM 925 HD','CGEM 925 HD Computerized Telescope','',235,52,11,4);
INSERT INTO PRODUCT (ID,BRANDID,TIMAGE,NAME) VALUES (52,2,'11081_cgem925hd_large_1_181x216.jpg','CGEM 925 HD Computerized Telescope');

INSERT INTO TELESCOPE (ID,TITLE,NAME,WEB,APERTURE,PRODUCTID,OPTICALSYSTEMID,MOUNTID)
            VALUES (53,'CGEM II 1100 EdgeHD','CGEM II 1100 EdgeHD Telescopes','',279,53,11,4);
INSERT INTO PRODUCT (ID,BRANDID,TIMAGE,NAME) VALUES (53,2,'12019_CGEM_II_EdgeHD_1100_01_181x216.jpg','CGEM II 1100 EdgeHD Telescopes');

INSERT INTO TELESCOPE (ID,TITLE,NAME,WEB,APERTURE,PRODUCTID,OPTICALSYSTEMID,MOUNTID)
            VALUES (54,'CGEM II 1100 Schmidt-Cassegrain','CGEM II 1100 Schmidt-Cassegrain Telescopes','',279,54,6,4);
INSERT INTO PRODUCT (ID,BRANDID,TIMAGE,NAME) VALUES (54,2,'12012_CGEM_II_1100_01_181x216.jpg','CGEM II 1100 Schmidt-Cassegrain Telescopes');

INSERT INTO TELESCOPE (ID,TITLE,NAME,WEB,APERTURE,PRODUCTID,OPTICALSYSTEMID,MOUNTID)
            VALUES (55,'CGEM II 800 EdgeHD','CGEM II 800 EdgeHD Telescopes','',203,55,11,4);
INSERT INTO PRODUCT (ID,BRANDID,TIMAGE,NAME) VALUES (55,2,'12017_CGEM_II_Edge_HD_800_01_181x216.jpg','CGEM II 800 EdgeHD Telescopes');

INSERT INTO TELESCOPE (ID,TITLE,NAME,WEB,APERTURE,PRODUCTID,OPTICALSYSTEMID,MOUNTID)
            VALUES (56,'CGEM II 800 Schmidt-Cassegrain','CGEM II 800 Schmidt-Cassegrain Telescopes','',203,56,6,4);
INSERT INTO PRODUCT (ID,BRANDID,TIMAGE,NAME) VALUES (56,2,'12010_CGEM_II_800_01_181x216.jpg','CGEM II 800 Schmidt-Cassegrain Telescopes');

INSERT INTO TELESCOPE (ID,TITLE,NAME,WEB,APERTURE,PRODUCTID,OPTICALSYSTEMID,MOUNTID)
            VALUES (57,'CGEM II 925 EdgeHD','CGEM II 925 EdgeHD Telescope','',235,57,11,4);
INSERT INTO PRODUCT (ID,BRANDID,TIMAGE,NAME) VALUES (57,2,'12018_CGEM_II_EdgeHD_925_01_181x216.jpg','CGEM II 925 EdgeHD Telescope');

INSERT INTO TELESCOPE (ID,TITLE,NAME,WEB,APERTURE,PRODUCTID,OPTICALSYSTEMID,MOUNTID)
            VALUES (58,'CGEM II 925 Schmidt-Cassegrain','CGEM II 925 Schmidt-Cassegrain Telescopes','',235,58,6,4);
INSERT INTO PRODUCT (ID,BRANDID,TIMAGE,NAME) VALUES (58,2,'12011_CGEM_II_925_01_181x216.jpg','CGEM II 925 Schmidt-Cassegrain Telescopes');

INSERT INTO TELESCOPE (ID,TITLE,NAME,WEB,APERTURE,PRODUCTID,OPTICALSYSTEMID,MOUNTID)
            VALUES (59,'CGX 1100 HD','CGX Equatorial 1100 HD Telescopes','',279,59,11,4);
INSERT INTO PRODUCT (ID,BRANDID,TIMAGE,NAME) VALUES (59,2,'12057_cgx_11_edgehd_kit_2_181x216.jpg','CGX Equatorial 1100 HD Telescopes');

INSERT INTO TELESCOPE (ID,TITLE,NAME,WEB,APERTURE,PRODUCTID,OPTICALSYSTEMID,MOUNTID)
            VALUES (60,'CGX 1100 Astrograph','CGX Equatorial 1100 Rowe-Ackermann Schmidt Astrograph','',279,60,10,4);
INSERT INTO PRODUCT (ID,BRANDID,TIMAGE,NAME) VALUES (60,2,'12059_CGX_11_RASA_Kit_2_181x216.jpg','CGX Equatorial 1100 Rowe-Ackermann Schmidt Astrograph');

INSERT INTO TELESCOPE (ID,TITLE,NAME,WEB,APERTURE,PRODUCTID,OPTICALSYSTEMID,MOUNTID)
            VALUES (61,'CGX 1100 Schmidt-Cassegrain','CGX Equatorial 1100 Schmidt-Cassegrain Telescopes','',279,61,6,4);
INSERT INTO PRODUCT (ID,BRANDID,TIMAGE,NAME) VALUES (61,2,'12052_cgx_11_sct_kit_1_181x216.jpg','CGX Equatorial 1100 Schmidt-Cassegrain Telescopes');

INSERT INTO TELESCOPE (ID,TITLE,NAME,WEB,APERTURE,PRODUCTID,OPTICALSYSTEMID,MOUNTID)
            VALUES (62,'CGX 800 HD','CGX Equatorial 800 HD Telescopes','',203,62,11,4);
INSERT INTO PRODUCT (ID,BRANDID,TIMAGE,NAME) VALUES (62,2,'12055_cgx_8_edgehd_kit_2_181x216.jpg','CGX Equatorial 800 HD Telescopes');

INSERT INTO TELESCOPE (ID,TITLE,NAME,WEB,APERTURE,PRODUCTID,OPTICALSYSTEMID,MOUNTID)
            VALUES (63,'CGX 800 Schmidt-Cassegrain','CGX Equatorial 800 Schmidt-Cassegrain Telescopes','',203,63,6,4);
INSERT INTO PRODUCT (ID,BRANDID,TIMAGE,NAME) VALUES (63,2,'12050_cgx_8_sct_kit_2_181x216.jpg','CGX Equatorial 800 Schmidt-Cassegrain Telescopes');

INSERT INTO TELESCOPE (ID,TITLE,NAME,WEB,APERTURE,PRODUCTID,OPTICALSYSTEMID,MOUNTID)
            VALUES (64,'CGX 925 HD','CGX Equatorial 925 HD Telescopes','',235,64,11,4);
INSERT INTO PRODUCT (ID,BRANDID,TIMAGE,NAME) VALUES (64,2,'12056_CGX_925_EdgeHD_Kit_2_181x216.jpg','CGX Equatorial 925 HD Telescopes');

INSERT INTO TELESCOPE (ID,TITLE,NAME,WEB,APERTURE,PRODUCTID,OPTICALSYSTEMID,MOUNTID)
            VALUES (65,'CGX 925 Schmidt-Cassegrain','CGX Equatorial 925 Schmidt-Cassegrain Telescopes','',235,65,6,4);
INSERT INTO PRODUCT (ID,BRANDID,TIMAGE,NAME) VALUES (65,2,'12051_925_CGX_Kit_2_181x216.jpg','CGX Equatorial 925 Schmidt-Cassegrain Telescopes');

INSERT INTO TELESCOPE (ID,TITLE,NAME,WEB,APERTURE,PRODUCTID,OPTICALSYSTEMID,MOUNTID)
            VALUES (66,'CGX-L 1100 HD','CGX-L Equatorial 1100 HD Telescopes','',279,66,11,4);
INSERT INTO PRODUCT (ID,BRANDID,TIMAGE,NAME) VALUES (66,2,'12076_-CGXL_EdgeHD_11_Kit_01_181x216.jpg','CGX-L Equatorial 1100 HD Telescopes');

INSERT INTO TELESCOPE (ID,TITLE,NAME,WEB,APERTURE,PRODUCTID,OPTICALSYSTEMID,MOUNTID)
            VALUES (67,'CGX-L 1100 Astrograph','CGX-L Equatorial 1100 Rowe-Ackermann Schmidt Astrograph','',279,67,10,4);
INSERT INTO PRODUCT (ID,BRANDID,TIMAGE,NAME) VALUES (67,2,'12078_CGX-L_RASA_11_Kit_01_181x216.jpg','CGX-L Equatorial 1100 Rowe-Ackermann Schmidt Astrograph');

INSERT INTO TELESCOPE (ID,TITLE,NAME,WEB,APERTURE,PRODUCTID,OPTICALSYSTEMID,MOUNTID)
            VALUES (68,'CGX-L 1100 Schmidt-Cassegrain','CGX-L Equatorial 1100 Schmidt-Cassegrain Telescopes','',279,68,6,4);
INSERT INTO PRODUCT (ID,BRANDID,TIMAGE,NAME) VALUES (68,2,'12071_-CGX-L_SCT_11_Kit_01_181x216.jpg','CGX-L Equatorial 1100 Schmidt-Cassegrain Telescopes');

INSERT INTO TELESCOPE (ID,TITLE,NAME,WEB,APERTURE,PRODUCTID,OPTICALSYSTEMID,MOUNTID)
            VALUES (69,'CGX-L 1400 HD','CGX-L Equatorial 1400 HD Telescopes','',356,69,11,4);
INSERT INTO PRODUCT (ID,BRANDID,TIMAGE,NAME) VALUES (69,2,'12077_-CGX-L_EdgeHD_14_Kit_01_181x216.jpg','CGX-L Equatorial 1400 HD Telescopes');

INSERT INTO TELESCOPE (ID,TITLE,NAME,WEB,APERTURE,PRODUCTID,OPTICALSYSTEMID,MOUNTID)
            VALUES (70,'CGX-L 1400 Schmidt-Cassegrain','CGX-L Equatorial 1400 Schmidt-Cassegrain Telescopes','',356,70,6,4);
INSERT INTO PRODUCT (ID,BRANDID,TIMAGE,NAME) VALUES (70,2,'12072_CGX-L_SCT_14_Kit_01_181x216.jpg','CGX-L Equatorial 1400 Schmidt-Cassegrain Telescopes');

INSERT INTO TELESCOPE (ID,TITLE,NAME,WEB,APERTURE,PRODUCTID,OPTICALSYSTEMID,MOUNTID)
            VALUES (71,'Cometron 114AZ','Cometron 114AZ Telescope','',114,71,3,1);
INSERT INTO PRODUCT (ID,BRANDID,TIMAGE,NAME) VALUES (71,2,'21079_Cometron_114AZ_1_181x216.jpg','Cometron 114AZ Telescope');

INSERT INTO TELESCOPE (ID,TITLE,NAME,WEB,APERTURE,PRODUCTID,OPTICALSYSTEMID,MOUNTID)
            VALUES (72,'Cometron FirstScope','Cometron FirstScope Telescope','',76,72,3,1);
INSERT INTO PRODUCT (ID,BRANDID,TIMAGE,NAME) VALUES (72,2,'21023_Cometron_FirstScope_76_1_181x216.jpg','Cometron FirstScope Telescope');

INSERT INTO TELESCOPE (ID,TITLE,NAME,WEB,APERTURE,PRODUCTID,OPTICALSYSTEMID,MOUNTID)
            VALUES (73,'CPC 1100 GPS (XLT)','CPC 1100 GPS (XLT) Computerized Telescope','',279,73,6,2);
INSERT INTO PRODUCT (ID,BRANDID,TIMAGE,NAME) VALUES (73,2,'050234107518_CPC_1100_GPS_1_181x216.jpg','CPC 1100 GPS (XLT) Computerized Telescope');

INSERT INTO TELESCOPE (ID,TITLE,NAME,WEB,APERTURE,PRODUCTID,OPTICALSYSTEMID,MOUNTID)
            VALUES (74,'CPC 800 GPS (XLT)','CPC 800 GPS (XLT) Computerized Telescope','',203,74,6,2);
INSERT INTO PRODUCT (ID,BRANDID,TIMAGE,NAME) VALUES (74,2,'11073_CPC_800_GPS_1_181x216.jpg','CPC 800 GPS (XLT) Computerized Telescope');

INSERT INTO TELESCOPE (ID,TITLE,NAME,WEB,APERTURE,PRODUCTID,OPTICALSYSTEMID,MOUNTID)
            VALUES (75,'CPC 925 GPS (XLT)','CPC 925 GPS (XLT) Computerized Telescope','',235,75,6,2);
INSERT INTO PRODUCT (ID,BRANDID,TIMAGE,NAME) VALUES (75,2,'11074_CPC_925_GPS_1_181x216.jpg','CPC 925 GPS (XLT) Computerized Telescope');

INSERT INTO TELESCOPE (ID,TITLE,NAME,WEB,APERTURE,PRODUCTID,OPTICALSYSTEMID,MOUNTID)
            VALUES (76,'CPC Deluxe 1100 HD','CPC Deluxe 1100 HD Computerized Telescope','',279,76,11,2);
INSERT INTO PRODUCT (ID,BRANDID,TIMAGE,NAME) VALUES (76,2,'11009_CPC_Deluxe_1100_HD_1_181x216.jpg','CPC Deluxe 1100 HD Computerized Telescope');

INSERT INTO TELESCOPE (ID,TITLE,NAME,WEB,APERTURE,PRODUCTID,OPTICALSYSTEMID,MOUNTID)
            VALUES (77,'CPC Deluxe 800 HD','CPC Deluxe 800 HD Computerized Telescope','',203,77,11,2);
INSERT INTO PRODUCT (ID,BRANDID,TIMAGE,NAME) VALUES (77,2,'11007_CPC_Deluxe_800_HD_1_181x216.jpg','CPC Deluxe 800 HD Computerized Telescope');

INSERT INTO TELESCOPE (ID,TITLE,NAME,WEB,APERTURE,PRODUCTID,OPTICALSYSTEMID,MOUNTID)
            VALUES (78,'CPC Deluxe 925 HD','CPC Deluxe 925 HD Computerized Telescope','',235,78,11,2);
INSERT INTO PRODUCT (ID,BRANDID,TIMAGE,NAME) VALUES (78,2,'11008_CPC_Deluxe_925_1_181x216.jpg','CPC Deluxe 925 HD Computerized Telescope');

INSERT INTO TELESCOPE (ID,TITLE,NAME,WEB,APERTURE,PRODUCTID,OPTICALSYSTEMID,MOUNTID)
            VALUES (79,'EdgeHD 11','EdgeHD 11 Optical Tube Assembly','',279,79,11,0);
INSERT INTO PRODUCT (ID,BRANDID,TIMAGE,NAME) VALUES (79,2,'91050-xlt_cge_pro_1100_hd_1_181x216.jpg','EdgeHD 11 Optical Tube Assembly');

INSERT INTO TELESCOPE (ID,TITLE,NAME,WEB,APERTURE,PRODUCTID,OPTICALSYSTEMID,MOUNTID)
            VALUES (80,'EdgeHD 14','EdgeHD 14 Optical Tube Assembly','',356,80,11,0);
INSERT INTO PRODUCT (ID,BRANDID,TIMAGE,NAME) VALUES (80,2,'91060-xlt_cge_pro_1400_hd_1_181x216.jpg','EdgeHD 14 Optical Tube Assembly');

INSERT INTO TELESCOPE (ID,TITLE,NAME,WEB,APERTURE,PRODUCTID,OPTICALSYSTEMID,MOUNTID)
            VALUES (81,'EdgeHD 8','EdgeHD 8 Optical Tube Assembly','',203,81,11,0);
INSERT INTO PRODUCT (ID,BRANDID,TIMAGE,NAME) VALUES (81,2,'91030-xlt_edgehd8_large_1_181x216.jpg','EdgeHD 8 Optical Tube Assembly');

INSERT INTO TELESCOPE (ID,TITLE,NAME,WEB,APERTURE,PRODUCTID,OPTICALSYSTEMID,MOUNTID)
            VALUES (82,'EdgeHD 8 (CG5)','EdgeHD 8 Optical Tube Assembly (CG5)','',203,82,11,0);
INSERT INTO PRODUCT (ID,BRANDID,TIMAGE,NAME) VALUES (82,2,'91031-XLT_XLT_8_EdgeHD_1_181x216.jpg','EdgeHD 8 Optical Tube Assembly (CG5)');

INSERT INTO TELESCOPE (ID,TITLE,NAME,WEB,APERTURE,PRODUCTID,OPTICALSYSTEMID,MOUNTID)
            VALUES (83,'EdgeHD 9.25','EdgeHD 9.25 Optical Tube Assembly','',235,83,11,0);
INSERT INTO PRODUCT (ID,BRANDID,TIMAGE,NAME) VALUES (83,2,'91040-xlt_cge_pro_925_hd_1_181x216.jpg','EdgeHD 9.25 Optical Tube Assembly');

INSERT INTO TELESCOPE (ID,TITLE,NAME,WEB,APERTURE,PRODUCTID,OPTICALSYSTEMID,MOUNTID)
            VALUES (84,'ExploraScope 114AZ','ExploraScope 114AZ Telescope','',114,84,3,2);
INSERT INTO PRODUCT (ID,BRANDID,TIMAGE,NAME) VALUES (84,2,'22103_Explorascope_114AZ_1_181x216.jpg','ExploraScope 114AZ Telescope');

INSERT INTO TELESCOPE (ID,TITLE,NAME,WEB,APERTURE,PRODUCTID,OPTICALSYSTEMID,MOUNTID)
            VALUES (85,'ExploraScope 60AZ','ExploraScope 60AZ Telescope','',60,85,1,1);
INSERT INTO PRODUCT (ID,BRANDID,TIMAGE,NAME) VALUES (85,2,'22100_Explorascope_60AZ_1_181x216.jpg','ExploraScope 60AZ Telescope');

INSERT INTO TELESCOPE (ID,TITLE,NAME,WEB,APERTURE,PRODUCTID,OPTICALSYSTEMID,MOUNTID)
            VALUES (86,'ExploraScope 70AZ','ExploraScope 70AZ Telescope','',70,86,1,1);
INSERT INTO PRODUCT (ID,BRANDID,TIMAGE,NAME) VALUES (86,2,'22101_Explorascope_70AZ_1_181x216.jpg','ExploraScope 70AZ Telescope');

INSERT INTO TELESCOPE (ID,TITLE,NAME,WEB,APERTURE,PRODUCTID,OPTICALSYSTEMID,MOUNTID)
            VALUES (87,'ExploraScope 80AZ','ExploraScope 80AZ Telescope','',80,87,1,1);
INSERT INTO PRODUCT (ID,BRANDID,TIMAGE,NAME) VALUES (87,2,'22102_Explorascope_80AZ_1_181x216.jpg','ExploraScope 80AZ Telescope');

INSERT INTO TELESCOPE (ID,TITLE,NAME,WEB,APERTURE,PRODUCTID,OPTICALSYSTEMID,MOUNTID)
            VALUES (88,'FirstScope','FirstScope Telescope','',76,88,3,1);
INSERT INTO PRODUCT (ID,BRANDID,TIMAGE,NAME) VALUES (88,2,'21024_FIRSTSCOPE_Telescope_1_181x216.jpg','FirstScope Telescope');

INSERT INTO TELESCOPE (ID,TITLE,NAME,WEB,APERTURE,PRODUCTID,OPTICALSYSTEMID,MOUNTID)
            VALUES (89,'Inspire 100AZ','Inspire 100AZ Refractor Telescope','',100,89,1,1);
INSERT INTO PRODUCT (ID,BRANDID,TIMAGE,NAME) VALUES (89,2,'22403_Inspire_100AZ_1_Smartphone-Callout_181x216.jpg','Inspire 100AZ Refractor Telescope');

INSERT INTO TELESCOPE (ID,TITLE,NAME,WEB,APERTURE,PRODUCTID,OPTICALSYSTEMID,MOUNTID)
            VALUES (90,'Inspire 70AZ','Inspire 70AZ Refractor Telescope','',70,90,1,1);
INSERT INTO PRODUCT (ID,BRANDID,TIMAGE,NAME) VALUES (90,2,'22401_Inspire_70AZ_1_Smartphone-Callout_181x216.jpg','Inspire 70AZ Refractor Telescope');

INSERT INTO TELESCOPE (ID,TITLE,NAME,WEB,APERTURE,PRODUCTID,OPTICALSYSTEMID,MOUNTID)
            VALUES (91,'Inspire 80AZ','Inspire 80AZ Refractor Telescope','',80,91,1,1);
INSERT INTO PRODUCT (ID,BRANDID,TIMAGE,NAME) VALUES (91,2,'22402_Inspire_80AZ_1_Smartphone-Callout_181x216.jpg','Inspire 80AZ Refractor Telescope');

INSERT INTO TELESCOPE (ID,TITLE,NAME,WEB,APERTURE,PRODUCTID,OPTICALSYSTEMID,MOUNTID)
            VALUES (92,'ExploraScope 60AZ','Inspire National Park Foundation ExploraScope 60AZ','',60,92,1,1);
INSERT INTO PRODUCT (ID,BRANDID,TIMAGE,NAME) VALUES (92,2,'22105_NPF_EXPLORASCOPE_60_1_181x216.jpg','Inspire National Park Foundation ExploraScope 60AZ');

INSERT INTO TELESCOPE (ID,TITLE,NAME,WEB,APERTURE,PRODUCTID,OPTICALSYSTEMID,MOUNTID)
            VALUES (93,'FirstScope','National Park Foundation FirstScope','',76,93,3,1);
INSERT INTO PRODUCT (ID,BRANDID,TIMAGE,NAME) VALUES (93,2,'22025_NPF_FIRSTSCOPE_1_181x216.jpg','National Park Foundation FirstScope');

INSERT INTO TELESCOPE (ID,TITLE,NAME,WEB,APERTURE,PRODUCTID,OPTICALSYSTEMID,MOUNTID)
            VALUES (94,'TravelScope 60','National Park Foundation TravelScope 60','',60,94,1,1);
INSERT INTO PRODUCT (ID,BRANDID,TIMAGE,NAME) VALUES (94,2,'22005_NPF_TRAVEL_SCOPE_60_1_181x216.jpg','National Park Foundation TravelScope 60');

INSERT INTO TELESCOPE (ID,TITLE,NAME,WEB,APERTURE,PRODUCTID,OPTICALSYSTEMID,MOUNTID)
            VALUES (95,'NexStar 102SLT','NexStar 102SLT Computerized Telescope','',102,95,1,1);
INSERT INTO PRODUCT (ID,BRANDID,TIMAGE,NAME) VALUES (95,2,'050234220965_NexStar_102SLT_22096_1_181x216.jpg','NexStar 102SLT Computerized Telescope');

INSERT INTO TELESCOPE (ID,TITLE,NAME,WEB,APERTURE,PRODUCTID,OPTICALSYSTEMID,MOUNTID)
            VALUES (96,'NexStar 127SLT','NexStar 127SLT Computerized Telescope','',127,96,7,1);
INSERT INTO PRODUCT (ID,BRANDID,TIMAGE,NAME) VALUES (96,2,'050234220972_NexStar_127SLT_22097_1_181x216.jpg','NexStar 127SLT Computerized Telescope');

INSERT INTO TELESCOPE (ID,TITLE,NAME,WEB,APERTURE,PRODUCTID,OPTICALSYSTEMID,MOUNTID)
            VALUES (97,'NexStar 130SLT','NexStar 130SLT Computerized Telescope','',130,97,3,1);
INSERT INTO PRODUCT (ID,BRANDID,TIMAGE,NAME) VALUES (97,2,'050234311458_NexStar_130SLT_31145_1_181x216.jpg','NexStar 130SLT Computerized Telescope');

INSERT INTO TELESCOPE (ID,TITLE,NAME,WEB,APERTURE,PRODUCTID,OPTICALSYSTEMID,MOUNTID)
            VALUES (98,'NexStar 4SE','NexStar 4SE Computerized Telescope','',102,98,6,1);
INSERT INTO PRODUCT (ID,BRANDID,TIMAGE,NAME) VALUES (98,2,'050234110495_NexStar_4SE_11049_1_181x216.jpg','NexStar 4SE Computerized Telescope');

INSERT INTO TELESCOPE (ID,TITLE,NAME,WEB,APERTURE,PRODUCTID,OPTICALSYSTEMID,MOUNTID)
            VALUES (99,'NexStar 5SE','NexStar 5SE Computerized Telescope','',127,99,6,1);
INSERT INTO PRODUCT (ID,BRANDID,TIMAGE,NAME) VALUES (99,2,'050234110365_NexStar_5SE_11036_1_181x216.jpg','NexStar 5SE Computerized Telescope');

INSERT INTO TELESCOPE (ID,TITLE,NAME,WEB,APERTURE,PRODUCTID,OPTICALSYSTEMID,MOUNTID)
            VALUES (100,'NexStar 6SE','NexStar 6SE Computerized Telescope','',152,100,6,1);
INSERT INTO PRODUCT (ID,BRANDID,TIMAGE,NAME) VALUES (100,2,'050234110686_NexStar_6SE_11068_1_181x216.jpg','NexStar 6SE Computerized Telescope');

INSERT INTO TELESCOPE (ID,TITLE,NAME,WEB,APERTURE,PRODUCTID,OPTICALSYSTEMID,MOUNTID)
            VALUES (101,'NexStar 8SE','NexStar 8SE Computerized Telescope','',203,101,6,1);
INSERT INTO PRODUCT (ID,BRANDID,TIMAGE,NAME) VALUES (101,2,'050234110693-_NexStar_8SE_11069_1_181x216.jpg','NexStar 8SE Computerized Telescope');

INSERT INTO TELESCOPE (ID,TITLE,NAME,WEB,APERTURE,PRODUCTID,OPTICALSYSTEMID,MOUNTID)
            VALUES (102,'NexStar 90SLT','NexStar 90SLT Computerized Telescope','',90,102,7,1);
INSERT INTO PRODUCT (ID,BRANDID,TIMAGE,NAME) VALUES (102,2,'050234220873_NexStar_90SLT_22087_1_181x216.jpg','NexStar 90SLT Computerized Telescope');

INSERT INTO TELESCOPE (ID,TITLE,NAME,WEB,APERTURE,PRODUCTID,OPTICALSYSTEMID,MOUNTID)
            VALUES (103,'NexStar Evolution 6','NexStar Evolution 6','',152,103,6,1);
INSERT INTO PRODUCT (ID,BRANDID,TIMAGE,NAME) VALUES (103,2,'12090_evo6_angle_Web_181x216.jpg','NexStar Evolution 6');

INSERT INTO TELESCOPE (ID,TITLE,NAME,WEB,APERTURE,PRODUCTID,OPTICALSYSTEMID,MOUNTID)
            VALUES (104,'NexStar Evolution 8','NexStar Evolution 8','',203,104,6,1);
INSERT INTO PRODUCT (ID,BRANDID,TIMAGE,NAME) VALUES (104,2,'Evo8_left_web_181x216.jpg','NexStar Evolution 8');

INSERT INTO TELESCOPE (ID,TITLE,NAME,WEB,APERTURE,PRODUCTID,OPTICALSYSTEMID,MOUNTID)
            VALUES (105,'Nexstar Evolution 8 HD','Nexstar Evolution 8 HD with StarSense','',203,105,6,1);
INSERT INTO PRODUCT (ID,BRANDID,TIMAGE,NAME) VALUES (105,2,'12096_Nexstar_Evolution_HD_1_181x216.jpg','Nexstar Evolution 8 HD with StarSense');

INSERT INTO TELESCOPE (ID,TITLE,NAME,WEB,APERTURE,PRODUCTID,OPTICALSYSTEMID,MOUNTID)
            VALUES (106,'NexStar Evolution 9.25','NexStar Evolution 9.25','',235,106,6,1);
INSERT INTO PRODUCT (ID,BRANDID,TIMAGE,NAME) VALUES (106,2,'Evo925_left_Web_181x216.jpg','NexStar Evolution 9.25');

INSERT INTO TELESCOPE (ID,TITLE,NAME,WEB,APERTURE,PRODUCTID,OPTICALSYSTEMID,MOUNTID)
            VALUES (107,'Omni XLT 102','Omni XLT 102 Telescope','',102,107,1,4);
INSERT INTO PRODUCT (ID,BRANDID,TIMAGE,NAME) VALUES (107,2,'21088_omnixlt102_large_1_181x216.jpg','Omni XLT 102 Telescope');

INSERT INTO TELESCOPE (ID,TITLE,NAME,WEB,APERTURE,PRODUCTID,OPTICALSYSTEMID,MOUNTID)
            VALUES (108,'Omni XLT 120','Omni XLT 120 Telescope','',120,108,1,4);
INSERT INTO PRODUCT (ID,BRANDID,TIMAGE,NAME) VALUES (108,2,'21090_omnixlt120_large_1_181x216.jpg','Omni XLT 120 Telescope');

INSERT INTO TELESCOPE (ID,TITLE,NAME,WEB,APERTURE,PRODUCTID,OPTICALSYSTEMID,MOUNTID)
            VALUES (109,'Omni XLT 127','Omni XLT 127 Telescope','',127,109,6,4);
INSERT INTO PRODUCT (ID,BRANDID,TIMAGE,NAME) VALUES (109,2,'11084_omnixlt127_large_2_181x216.jpg','Omni XLT 127 Telescope');

INSERT INTO TELESCOPE (ID,TITLE,NAME,WEB,APERTURE,PRODUCTID,OPTICALSYSTEMID,MOUNTID)
            VALUES (110,'Omni XLT 150','Omni XLT 150 Telescope','',150,110,3,4);
INSERT INTO PRODUCT (ID,BRANDID,TIMAGE,NAME) VALUES (110,2,'31057_omnixlt150_large_2_181x216.jpg','Omni XLT 150 Telescope');

INSERT INTO TELESCOPE (ID,TITLE,NAME,WEB,APERTURE,PRODUCTID,OPTICALSYSTEMID,MOUNTID)
            VALUES (111,'Omni XLT AZ 102','Omni XLT AZ 102','',102,111,1,1);
INSERT INTO PRODUCT (ID,BRANDID,TIMAGE,NAME) VALUES (111,2,'22150_Omni_XLT_AZ_102_1_181x216.jpg','Omni XLT AZ 102');

INSERT INTO TELESCOPE (ID,TITLE,NAME,WEB,APERTURE,PRODUCTID,OPTICALSYSTEMID,MOUNTID)
            VALUES (112,'Omni XLT AZ 114','Omni XLT AZ 114','',114,112,3,1);
INSERT INTO PRODUCT (ID,BRANDID,TIMAGE,NAME) VALUES (112,2,'22151_Omni_XLT_AZ_114_1_181x216.jpg','Omni XLT AZ 114');

INSERT INTO TELESCOPE (ID,TITLE,NAME,WEB,APERTURE,PRODUCTID,OPTICALSYSTEMID,MOUNTID)
            VALUES (113,'Omni XLT AZ 130','Omni XLT AZ 130','',130,113,3,1);
INSERT INTO PRODUCT (ID,BRANDID,TIMAGE,NAME) VALUES (113,2,'22152_Omni_XLT_AZ_130_1_181x216.jpg','Omni XLT AZ 130');

INSERT INTO TELESCOPE (ID,TITLE,NAME,WEB,APERTURE,PRODUCTID,OPTICALSYSTEMID,MOUNTID)
            VALUES (114,'PowerSeeker 114EQ','PowerSeeker 114EQ Telescope','',114,114,3,4);
INSERT INTO PRODUCT (ID,BRANDID,TIMAGE,NAME) VALUES (114,2,'050234210454_PowerSeeker_114EQ_21045_1_181x216.jpg','PowerSeeker 114EQ Telescope');

INSERT INTO TELESCOPE (ID,TITLE,NAME,WEB,APERTURE,PRODUCTID,OPTICALSYSTEMID,MOUNTID)
            VALUES (115,'PowerSeeker 127EQ','PowerSeeker 127EQ Telescope','',127,115,3,4);
INSERT INTO PRODUCT (ID,BRANDID,TIMAGE,NAME) VALUES (115,2,'050234210492_PowerSeeker_127EQ_21049_1_181x216.jpg','PowerSeeker 127EQ Telescope');

INSERT INTO TELESCOPE (ID,TITLE,NAME,WEB,APERTURE,PRODUCTID,OPTICALSYSTEMID,MOUNTID)
            VALUES (116,'PowerSeeker 50AZ','PowerSeeker 50AZ Telescope','',50,116,1,1);
INSERT INTO PRODUCT (ID,BRANDID,TIMAGE,NAME) VALUES (116,2,'050234210393_PowerSeeker_50AZ_21039_1_181x216.jpg','PowerSeeker 50AZ Telescope');

INSERT INTO TELESCOPE (ID,TITLE,NAME,WEB,APERTURE,PRODUCTID,OPTICALSYSTEMID,MOUNTID)
            VALUES (117,'PowerSeeker 60AZ','PowerSeeker 60AZ Telescope','',60,117,1,2);
INSERT INTO PRODUCT (ID,BRANDID,TIMAGE,NAME) VALUES (117,2,'050234210416_PowerSeeker_60AZ_21041_1_181x216.jpg','PowerSeeker 60AZ Telescope');

INSERT INTO TELESCOPE (ID,TITLE,NAME,WEB,APERTURE,PRODUCTID,OPTICALSYSTEMID,MOUNTID)
            VALUES (118,'PowerSeeker 60EQ','PowerSeeker 60EQ Telescope','',60,118,1,4);
INSERT INTO PRODUCT (ID,BRANDID,TIMAGE,NAME) VALUES (118,2,'050234210430_PowerSeeker_60EQ_21043_1_181x216.jpg','PowerSeeker 60EQ Telescope');

INSERT INTO TELESCOPE (ID,TITLE,NAME,WEB,APERTURE,PRODUCTID,OPTICALSYSTEMID,MOUNTID)
            VALUES (120,'PowerSeeker 70AZ','PowerSeeker 70AZ Telescope','',70,120,1,2);
INSERT INTO PRODUCT (ID,BRANDID,TIMAGE,NAME) VALUES (120,2,'050234210362_PowerSeeker_70AZ-_21036_1_181x216.jpg','PowerSeeker 70AZ Telescope');

INSERT INTO TELESCOPE (ID,TITLE,NAME,WEB,APERTURE,PRODUCTID,OPTICALSYSTEMID,MOUNTID)
            VALUES (121,'PowerSeeker 70EQ','PowerSeeker 70EQ Telescope','',70,121,1,4);
INSERT INTO PRODUCT (ID,BRANDID,TIMAGE,NAME) VALUES (121,2,'050234210379_PowerSeeker_70EQ_21037_1_181x216.jpg','PowerSeeker 70EQ Telescope');

INSERT INTO TELESCOPE (ID,TITLE,NAME,WEB,APERTURE,PRODUCTID,OPTICALSYSTEMID,MOUNTID)
            VALUES (122,'PowerSeeker 80AZS','PowerSeeker 80AZS Telescope','',80,122,1,2);
INSERT INTO PRODUCT (ID,BRANDID,TIMAGE,NAME) VALUES (122,2,'PowerSeeker_80AZS_21087_1_181x216.jpg','PowerSeeker 80AZS Telescope');

INSERT INTO TELESCOPE (ID,TITLE,NAME,WEB,APERTURE,PRODUCTID,OPTICALSYSTEMID,MOUNTID)
            VALUES (123,'PowerSeeker 80EQ','PowerSeeker 80EQ Telescope','',80,123,1,4);
INSERT INTO PRODUCT (ID,BRANDID,TIMAGE,NAME) VALUES (123,2,'050234210485_PowerSeeker_80EQ_21048_1_181x216.jpg','PowerSeeker 80EQ Telescope');

INSERT INTO TELESCOPE (ID,TITLE,NAME,WEB,APERTURE,PRODUCTID,OPTICALSYSTEMID,MOUNTID)
            VALUES (124,'SkyProdigy 130','SkyProdigy 130 Computerized Telescope','',130,124,3,1);
INSERT INTO PRODUCT (ID,BRANDID,TIMAGE,NAME) VALUES (124,2,'31153_skyprodigy130_large_1_181x216.jpg','SkyProdigy 130 Computerized Telescope');

INSERT INTO TELESCOPE (ID,TITLE,NAME,WEB,APERTURE,PRODUCTID,OPTICALSYSTEMID,MOUNTID)
            VALUES (125,'SkyProdigy 6','SkyProdigy 6 Computerized Telescope','',152,125,6,1);
INSERT INTO PRODUCT (ID,BRANDID,TIMAGE,NAME) VALUES (125,2,'11076_sp_6sct_full_181x216.jpg','SkyProdigy 6 Computerized Telescope');

INSERT INTO TELESCOPE (ID,TITLE,NAME,WEB,APERTURE,PRODUCTID,OPTICALSYSTEMID,MOUNTID)
            VALUES (126,'Travel Scope 50','Travel Scope 50 Portable Telescope','',50,126,1,1);
INSERT INTO PRODUCT (ID,BRANDID,TIMAGE,NAME) VALUES (126,2,'50234210386_TRAVEL_SCOPE-50_1_181x216.jpg','Travel Scope 50 Portable Telescope');

INSERT INTO TELESCOPE (ID,TITLE,NAME,WEB,APERTURE,PRODUCTID,OPTICALSYSTEMID,MOUNTID)
            VALUES (127,'Travel Scope 70','Travel Scope 70 Portable Telescope','',70,127,1,1);
INSERT INTO PRODUCT (ID,BRANDID,TIMAGE,NAME) VALUES (127,2,'50234210355_TRAVEL_SCOPE_70_1_181x216.jpg','Travel Scope 70 Portable Telescope');

INSERT INTO TELESCOPE (ID,TITLE,NAME,WEB,APERTURE,PRODUCTID,OPTICALSYSTEMID,MOUNTID)
            VALUES (128,'CGX-L 925 Schmidt-Cassegrain','CGX-L Equatorial 925 Schmidt-Cassegrain Telescopes','',235,128,6,4);
INSERT INTO PRODUCT (ID,BRANDID,TIMAGE,NAME) VALUES (128,2,'12070_CGX-L_SCT_925_Kit_01_181x216.jpg','CGX-L Equatorial 925 Schmidt-Cassegrain Telescopes');

INSERT INTO TELESCOPE (ID,TITLE,NAME,WEB,APERTURE,PRODUCTID,OPTICALSYSTEMID,MOUNTID)
            VALUES (129,'CGX-L 925 HD','CGX-L Equatorial 925 HD Telescopes','',235,129,11,4);
INSERT INTO PRODUCT (ID,BRANDID,TIMAGE,NAME) VALUES (129,2,'12075_-CGXL_EdgeHD_925_Kit_01_181x216.jpg','CGX-L Equatorial 925 HD Telescopes');

INSERT INTO TELESCOPE (ID,TITLE,NAME,WEB,APERTURE,PRODUCTID,OPTICALSYSTEMID,MOUNTID)
            VALUES (130,'AstroMaster LT 80AZ','AstroMaster LT 80AZ','',80,130,1,1);
INSERT INTO PRODUCT (ID,BRANDID,TIMAGE,NAME) VALUES (130,2,'AstroMasterLT_80_1_181x216.png','AstroMaster LT 80AZ');
